pipe,First,Terminal,Cmn,Kmn,L_0,sqrt_es,L_f,Linepack
Pipe1 ,1,2,5.4435312,0.03424,1.523680008,1,1.523680008,1
Pipe2 ,1,3,5.4435312,0.03424,1.557919992,1,1.557919992,1
Pipe3 ,4,2,5.4435312,0.03424,1.48944,1,1.48944,1
Pipe4,4,3,5.4435312,0.03424,1.523680008,1,1.523680008,1
Pipe5,6,5,5.4435312,0.03524,1.53,1.15,1.53,1
Pipe6,8,7,5.4435312,0.03524,1.53,1.2,1.53,1
Pipe7,2,9,5.4435312,0.03524,2.05,0.55,2.05,1
